{
  "hackernews": [
    {
      "created_at": "2006-10-09T18:21:51.000Z",
      "author": "pg",
      "title": "Seemingly imposible swift program",
      "url": "http://ycombinator.com",
      "text": null,
      "points": 58,
      "comments": 52,
      "id": 1
    },
    {
      "created_at": "2006-10-09T19:51:01.000Z",
      "author": "sama",
      "title": "Y Combinator",
      "url": "http://ycombinator.com",
      "text": "&#34;the rising star of venture capital&#34; -unknown VC eating lunch on SHR",
      "points": 13,
      "comments": 24,
      "id": 2
    },
    {
      "created_at": "2006-10-09T19:52:45.000Z",
      "author": "pg",
      "title": "Y Combinator",
      "url": "http://ycombinator.com",
      "text": "Is there anywhere to eat on Sandhill Road?",
      "points": 26,
      "comments": 12,
      "id": 3
    },
    {
      "created_at": "2020-07-07T09:52:45.000Z",
      "author": "Azhar",
      "title": "React Charts",
      "url": "http://ycombinator.com",
      "text": "Is there anywhere to eat on Sandhill Road?",
      "points": 36,
      "comments": 52,
      "id": 4
    },
    {
      "created_at": "2020-07-07T07:52:45.000Z",
      "author": "pg",
      "title": "Y Combinator",
      "url": "http://ycombinator.com",
      "text": "Is there anywhere to eat on Sandhill Road?",
      "points": 18,
      "comments": 21,
      "id": 5
    },
    {
      "created_at": "2020-05-07T07:52:45.000Z",
      "author": "pg",
      "title": "Y Combinator",
      "url": "http://ycombinator.com",
      "text": "Is there anywhere to eat on Sandhill Road?",
      "points": 22,
      "comments": 18,
      "id": 6
    },
    {
      "created_at": "2020-06-07T07:52:45.000Z",
      "author": "pg",
      "title": "Y Combinator",
      "url": "http://ycombinator.com",
      "text": "Is there anywhere to eat on Sandhill Road?",
      "points": 29,
      "comments": 32,
      "id": 7
    },
    {
      "created_at": "2020-01-07T07:52:45.000Z",
      "author": "pg",
      "title": "Y Combinator",
      "url": "http://ycombinator.com",
      "text": "Is there anywhere to eat on Sandhill Road?",
      "points": 18,
      "comments": 18,
      "id": 8
    },
    {
      "created_at": "2020-03-07T07:52:45.000Z",
      "author": "pg",
      "title": "Y Combinator",
      "url": "http://ycombinator.com",
      "text": "Is there anywhere to eat on Sandhill Road?",
      "points": 10,
      "comments": 22,
      "id": 9
    }
  ]
}